"Cpu model" , Architecture , "Operating system type" , "Operating system version" , Browser , "Iteration amount" , Iteration , Start , End , Time
"Apple M1" , arm64 , Darwin , "Darwin Kernel Version 23.2.0: Wed Nov 15 21:53:34 PST 2023; root:xnu-10002.61.3~2/RELEASE_ARM64_T8103" , Chrome/123.0.6312.122 , 30 , 1 , 9.199999999720603 , 9.599999999627471 , 0.39999999990686774
"Apple M1" , arm64 , Darwin , "Darwin Kernel Version 23.2.0: Wed Nov 15 21:53:34 PST 2023; root:xnu-10002.61.3~2/RELEASE_ARM64_T8103" , Chrome/123.0.6312.122 , 30 , 1 , 12.5 , 12.599999999627471 , 0.09999999962747097
"Apple M1" , arm64 , Darwin , "Darwin Kernel Version 23.2.0: Wed Nov 15 21:53:34 PST 2023; root:xnu-10002.61.3~2/RELEASE_ARM64_T8103" , Chrome/123.0.6312.122 , 30 , 1 , 15 , 15.099999999627471 , 0.09999999962747097
"Apple M1" , arm64 , Darwin , "Darwin Kernel Version 23.2.0: Wed Nov 15 21:53:34 PST 2023; root:xnu-10002.61.3~2/RELEASE_ARM64_T8103" , Chrome/123.0.6312.122 , 30 , 2 , 6.5 , 6.899999999906868 , 0.39999999990686774
"Apple M1" , arm64 , Darwin , "Darwin Kernel Version 23.2.0: Wed Nov 15 21:53:34 PST 2023; root:xnu-10002.61.3~2/RELEASE_ARM64_T8103" , Chrome/123.0.6312.122 , 30 , 2 , 9.700000000186265 , 9.700000000186265 , 0
"Apple M1" , arm64 , Darwin , "Darwin Kernel Version 23.2.0: Wed Nov 15 21:53:34 PST 2023; root:xnu-10002.61.3~2/RELEASE_ARM64_T8103" , Chrome/123.0.6312.122 , 30 , 2 , 12.300000000279397 , 12.399999999906868 , 0.09999999962747097
"Apple M1" , arm64 , Darwin , "Darwin Kernel Version 23.2.0: Wed Nov 15 21:53:34 PST 2023; root:xnu-10002.61.3~2/RELEASE_ARM64_T8103" , Chrome/123.0.6312.122 , 30 , 3 , 6.7999999998137355 , 7.100000000093132 , 0.3000000002793968
"Apple M1" , arm64 , Darwin , "Darwin Kernel Version 23.2.0: Wed Nov 15 21:53:34 PST 2023; root:xnu-10002.61.3~2/RELEASE_ARM64_T8103" , Chrome/123.0.6312.122 , 30 , 3 , 10 , 10.100000000093132 , 0.10000000009313226
"Apple M1" , arm64 , Darwin , "Darwin Kernel Version 23.2.0: Wed Nov 15 21:53:34 PST 2023; root:xnu-10002.61.3~2/RELEASE_ARM64_T8103" , Chrome/123.0.6312.122 , 30 , 3 , 12.700000000186265 , 12.700000000186265 , 0
"Apple M1" , arm64 , Darwin , "Darwin Kernel Version 23.2.0: Wed Nov 15 21:53:34 PST 2023; root:xnu-10002.61.3~2/RELEASE_ARM64_T8103" , Chrome/123.0.6312.122 , 30 , 4 , 6.2999999998137355 , 6.5 , 0.20000000018626451
"Apple M1" , arm64 , Darwin , "Darwin Kernel Version 23.2.0: Wed Nov 15 21:53:34 PST 2023; root:xnu-10002.61.3~2/RELEASE_ARM64_T8103" , Chrome/123.0.6312.122 , 30 , 4 , 9.299999999813735 , 9.299999999813735 , 0
"Apple M1" , arm64 , Darwin , "Darwin Kernel Version 23.2.0: Wed Nov 15 21:53:34 PST 2023; root:xnu-10002.61.3~2/RELEASE_ARM64_T8103" , Chrome/123.0.6312.122 , 30 , 4 , 12.100000000093132 , 12.100000000093132 , 0
"Apple M1" , arm64 , Darwin , "Darwin Kernel Version 23.2.0: Wed Nov 15 21:53:34 PST 2023; root:xnu-10002.61.3~2/RELEASE_ARM64_T8103" , Chrome/123.0.6312.122 , 30 , 5 , 6.800000000279397 , 7.100000000093132 , 0.2999999998137355
"Apple M1" , arm64 , Darwin , "Darwin Kernel Version 23.2.0: Wed Nov 15 21:53:34 PST 2023; root:xnu-10002.61.3~2/RELEASE_ARM64_T8103" , Chrome/123.0.6312.122 , 30 , 5 , 10 , 10 , 0
"Apple M1" , arm64 , Darwin , "Darwin Kernel Version 23.2.0: Wed Nov 15 21:53:34 PST 2023; root:xnu-10002.61.3~2/RELEASE_ARM64_T8103" , Chrome/123.0.6312.122 , 30 , 5 , 12.300000000279397 , 12.5 , 0.19999999972060323
"Apple M1" , arm64 , Darwin , "Darwin Kernel Version 23.2.0: Wed Nov 15 21:53:34 PST 2023; root:xnu-10002.61.3~2/RELEASE_ARM64_T8103" , Chrome/123.0.6312.122 , 30 , 6 , 6.7000000001862645 , 7.100000000093132 , 0.39999999990686774
"Apple M1" , arm64 , Darwin , "Darwin Kernel Version 23.2.0: Wed Nov 15 21:53:34 PST 2023; root:xnu-10002.61.3~2/RELEASE_ARM64_T8103" , Chrome/123.0.6312.122 , 30 , 6 , 9.899999999906868 , 10 , 0.10000000009313226
"Apple M1" , arm64 , Darwin , "Darwin Kernel Version 23.2.0: Wed Nov 15 21:53:34 PST 2023; root:xnu-10002.61.3~2/RELEASE_ARM64_T8103" , Chrome/123.0.6312.122 , 30 , 6 , 12.399999999906868 , 12.399999999906868 , 0
"Apple M1" , arm64 , Darwin , "Darwin Kernel Version 23.2.0: Wed Nov 15 21:53:34 PST 2023; root:xnu-10002.61.3~2/RELEASE_ARM64_T8103" , Chrome/123.0.6312.122 , 30 , 7 , 6.7999999998137355 , 7.2999999998137355 , 0.5
"Apple M1" , arm64 , Darwin , "Darwin Kernel Version 23.2.0: Wed Nov 15 21:53:34 PST 2023; root:xnu-10002.61.3~2/RELEASE_ARM64_T8103" , Chrome/123.0.6312.122 , 30 , 7 , 10.199999999720603 , 10.299999999813735 , 0.10000000009313226
"Apple M1" , arm64 , Darwin , "Darwin Kernel Version 23.2.0: Wed Nov 15 21:53:34 PST 2023; root:xnu-10002.61.3~2/RELEASE_ARM64_T8103" , Chrome/123.0.6312.122 , 30 , 7 , 12.899999999906868 , 12.899999999906868 , 0
"Apple M1" , arm64 , Darwin , "Darwin Kernel Version 23.2.0: Wed Nov 15 21:53:34 PST 2023; root:xnu-10002.61.3~2/RELEASE_ARM64_T8103" , Chrome/123.0.6312.122 , 30 , 8 , 6.7999999998137355 , 7.099999999627471 , 0.2999999998137355
"Apple M1" , arm64 , Darwin , "Darwin Kernel Version 23.2.0: Wed Nov 15 21:53:34 PST 2023; root:xnu-10002.61.3~2/RELEASE_ARM64_T8103" , Chrome/123.0.6312.122 , 30 , 8 , 9.899999999906868 , 10.099999999627471 , 0.19999999972060323
"Apple M1" , arm64 , Darwin , "Darwin Kernel Version 23.2.0: Wed Nov 15 21:53:34 PST 2023; root:xnu-10002.61.3~2/RELEASE_ARM64_T8103" , Chrome/123.0.6312.122 , 30 , 8 , 12.699999999720603 , 12.699999999720603 , 0
"Apple M1" , arm64 , Darwin , "Darwin Kernel Version 23.2.0: Wed Nov 15 21:53:34 PST 2023; root:xnu-10002.61.3~2/RELEASE_ARM64_T8103" , Chrome/123.0.6312.122 , 30 , 9 , 6.5 , 6.899999999906868 , 0.39999999990686774
"Apple M1" , arm64 , Darwin , "Darwin Kernel Version 23.2.0: Wed Nov 15 21:53:34 PST 2023; root:xnu-10002.61.3~2/RELEASE_ARM64_T8103" , Chrome/123.0.6312.122 , 30 , 9 , 9.699999999720603 , 9.799999999813735 , 0.10000000009313226
"Apple M1" , arm64 , Darwin , "Darwin Kernel Version 23.2.0: Wed Nov 15 21:53:34 PST 2023; root:xnu-10002.61.3~2/RELEASE_ARM64_T8103" , Chrome/123.0.6312.122 , 30 , 9 , 12.399999999906868 , 12.5 , 0.10000000009313226
"Apple M1" , arm64 , Darwin , "Darwin Kernel Version 23.2.0: Wed Nov 15 21:53:34 PST 2023; root:xnu-10002.61.3~2/RELEASE_ARM64_T8103" , Chrome/123.0.6312.122 , 30 , 10 , 7.099999999627471 , 7.5 , 0.40000000037252903
"Apple M1" , arm64 , Darwin , "Darwin Kernel Version 23.2.0: Wed Nov 15 21:53:34 PST 2023; root:xnu-10002.61.3~2/RELEASE_ARM64_T8103" , Chrome/123.0.6312.122 , 30 , 10 , 10.299999999813735 , 10.299999999813735 , 0
"Apple M1" , arm64 , Darwin , "Darwin Kernel Version 23.2.0: Wed Nov 15 21:53:34 PST 2023; root:xnu-10002.61.3~2/RELEASE_ARM64_T8103" , Chrome/123.0.6312.122 , 30 , 10 , 13 , 13 , 0
"Apple M1" , arm64 , Darwin , "Darwin Kernel Version 23.2.0: Wed Nov 15 21:53:34 PST 2023; root:xnu-10002.61.3~2/RELEASE_ARM64_T8103" , Chrome/123.0.6312.122 , 30 , 11 , 6.5 , 6.800000000279397 , 0.3000000002793968
"Apple M1" , arm64 , Darwin , "Darwin Kernel Version 23.2.0: Wed Nov 15 21:53:34 PST 2023; root:xnu-10002.61.3~2/RELEASE_ARM64_T8103" , Chrome/123.0.6312.122 , 30 , 11 , 9.700000000186265 , 9.800000000279397 , 0.10000000009313226
"Apple M1" , arm64 , Darwin , "Darwin Kernel Version 23.2.0: Wed Nov 15 21:53:34 PST 2023; root:xnu-10002.61.3~2/RELEASE_ARM64_T8103" , Chrome/123.0.6312.122 , 30 , 11 , 12.100000000093132 , 12.200000000186265 , 0.10000000009313226
"Apple M1" , arm64 , Darwin , "Darwin Kernel Version 23.2.0: Wed Nov 15 21:53:34 PST 2023; root:xnu-10002.61.3~2/RELEASE_ARM64_T8103" , Chrome/123.0.6312.122 , 30 , 12 , 7.600000000093132 , 7.899999999906868 , 0.2999999998137355
"Apple M1" , arm64 , Darwin , "Darwin Kernel Version 23.2.0: Wed Nov 15 21:53:34 PST 2023; root:xnu-10002.61.3~2/RELEASE_ARM64_T8103" , Chrome/123.0.6312.122 , 30 , 12 , 10.899999999906868 , 11 , 0.10000000009313226
"Apple M1" , arm64 , Darwin , "Darwin Kernel Version 23.2.0: Wed Nov 15 21:53:34 PST 2023; root:xnu-10002.61.3~2/RELEASE_ARM64_T8103" , Chrome/123.0.6312.122 , 30 , 12 , 13.5 , 13.5 , 0
"Apple M1" , arm64 , Darwin , "Darwin Kernel Version 23.2.0: Wed Nov 15 21:53:34 PST 2023; root:xnu-10002.61.3~2/RELEASE_ARM64_T8103" , Chrome/123.0.6312.122 , 30 , 13 , 6.300000000279397 , 6.7000000001862645 , 0.39999999990686774
"Apple M1" , arm64 , Darwin , "Darwin Kernel Version 23.2.0: Wed Nov 15 21:53:34 PST 2023; root:xnu-10002.61.3~2/RELEASE_ARM64_T8103" , Chrome/123.0.6312.122 , 30 , 13 , 9.600000000093132 , 9.600000000093132 , 0
"Apple M1" , arm64 , Darwin , "Darwin Kernel Version 23.2.0: Wed Nov 15 21:53:34 PST 2023; root:xnu-10002.61.3~2/RELEASE_ARM64_T8103" , Chrome/123.0.6312.122 , 30 , 13 , 12.400000000372529 , 12.400000000372529 , 0
"Apple M1" , arm64 , Darwin , "Darwin Kernel Version 23.2.0: Wed Nov 15 21:53:34 PST 2023; root:xnu-10002.61.3~2/RELEASE_ARM64_T8103" , Chrome/123.0.6312.122 , 30 , 14 , 6.7000000001862645 , 7 , 0.2999999998137355
"Apple M1" , arm64 , Darwin , "Darwin Kernel Version 23.2.0: Wed Nov 15 21:53:34 PST 2023; root:xnu-10002.61.3~2/RELEASE_ARM64_T8103" , Chrome/123.0.6312.122 , 30 , 14 , 9.800000000279397 , 9.800000000279397 , 0
"Apple M1" , arm64 , Darwin , "Darwin Kernel Version 23.2.0: Wed Nov 15 21:53:34 PST 2023; root:xnu-10002.61.3~2/RELEASE_ARM64_T8103" , Chrome/123.0.6312.122 , 30 , 14 , 12.400000000372529 , 12.5 , 0.09999999962747097
"Apple M1" , arm64 , Darwin , "Darwin Kernel Version 23.2.0: Wed Nov 15 21:53:34 PST 2023; root:xnu-10002.61.3~2/RELEASE_ARM64_T8103" , Chrome/123.0.6312.122 , 30 , 15 , 6.900000000372529 , 7.400000000372529 , 0.5
"Apple M1" , arm64 , Darwin , "Darwin Kernel Version 23.2.0: Wed Nov 15 21:53:34 PST 2023; root:xnu-10002.61.3~2/RELEASE_ARM64_T8103" , Chrome/123.0.6312.122 , 30 , 15 , 10.100000000093132 , 10.200000000186265 , 0.10000000009313226
"Apple M1" , arm64 , Darwin , "Darwin Kernel Version 23.2.0: Wed Nov 15 21:53:34 PST 2023; root:xnu-10002.61.3~2/RELEASE_ARM64_T8103" , Chrome/123.0.6312.122 , 30 , 15 , 12.700000000186265 , 12.800000000279397 , 0.10000000009313226
"Apple M1" , arm64 , Darwin , "Darwin Kernel Version 23.2.0: Wed Nov 15 21:53:34 PST 2023; root:xnu-10002.61.3~2/RELEASE_ARM64_T8103" , Chrome/123.0.6312.122 , 30 , 16 , 6.7999999998137355 , 7.100000000093132 , 0.3000000002793968
"Apple M1" , arm64 , Darwin , "Darwin Kernel Version 23.2.0: Wed Nov 15 21:53:34 PST 2023; root:xnu-10002.61.3~2/RELEASE_ARM64_T8103" , Chrome/123.0.6312.122 , 30 , 16 , 9.799999999813735 , 9.899999999906868 , 0.10000000009313226
"Apple M1" , arm64 , Darwin , "Darwin Kernel Version 23.2.0: Wed Nov 15 21:53:34 PST 2023; root:xnu-10002.61.3~2/RELEASE_ARM64_T8103" , Chrome/123.0.6312.122 , 30 , 16 , 12.5 , 12.600000000093132 , 0.10000000009313226
"Apple M1" , arm64 , Darwin , "Darwin Kernel Version 23.2.0: Wed Nov 15 21:53:34 PST 2023; root:xnu-10002.61.3~2/RELEASE_ARM64_T8103" , Chrome/123.0.6312.122 , 30 , 17 , 6.899999999906868 , 7.2000000001862645 , 0.3000000002793968
"Apple M1" , arm64 , Darwin , "Darwin Kernel Version 23.2.0: Wed Nov 15 21:53:34 PST 2023; root:xnu-10002.61.3~2/RELEASE_ARM64_T8103" , Chrome/123.0.6312.122 , 30 , 17 , 10 , 10 , 0
"Apple M1" , arm64 , Darwin , "Darwin Kernel Version 23.2.0: Wed Nov 15 21:53:34 PST 2023; root:xnu-10002.61.3~2/RELEASE_ARM64_T8103" , Chrome/123.0.6312.122 , 30 , 17 , 12.399999999906868 , 12.5 , 0.10000000009313226
"Apple M1" , arm64 , Darwin , "Darwin Kernel Version 23.2.0: Wed Nov 15 21:53:34 PST 2023; root:xnu-10002.61.3~2/RELEASE_ARM64_T8103" , Chrome/123.0.6312.122 , 30 , 18 , 6.899999999906868 , 7.199999999720603 , 0.2999999998137355
"Apple M1" , arm64 , Darwin , "Darwin Kernel Version 23.2.0: Wed Nov 15 21:53:34 PST 2023; root:xnu-10002.61.3~2/RELEASE_ARM64_T8103" , Chrome/123.0.6312.122 , 30 , 18 , 10 , 10 , 0
"Apple M1" , arm64 , Darwin , "Darwin Kernel Version 23.2.0: Wed Nov 15 21:53:34 PST 2023; root:xnu-10002.61.3~2/RELEASE_ARM64_T8103" , Chrome/123.0.6312.122 , 30 , 18 , 12.699999999720603 , 12.699999999720603 , 0
"Apple M1" , arm64 , Darwin , "Darwin Kernel Version 23.2.0: Wed Nov 15 21:53:34 PST 2023; root:xnu-10002.61.3~2/RELEASE_ARM64_T8103" , Chrome/123.0.6312.122 , 30 , 19 , 7 , 7.399999999906868 , 0.39999999990686774
"Apple M1" , arm64 , Darwin , "Darwin Kernel Version 23.2.0: Wed Nov 15 21:53:34 PST 2023; root:xnu-10002.61.3~2/RELEASE_ARM64_T8103" , Chrome/123.0.6312.122 , 30 , 19 , 10.199999999720603 , 10.299999999813735 , 0.10000000009313226
"Apple M1" , arm64 , Darwin , "Darwin Kernel Version 23.2.0: Wed Nov 15 21:53:34 PST 2023; root:xnu-10002.61.3~2/RELEASE_ARM64_T8103" , Chrome/123.0.6312.122 , 30 , 19 , 12.799999999813735 , 12.899999999906868 , 0.10000000009313226
"Apple M1" , arm64 , Darwin , "Darwin Kernel Version 23.2.0: Wed Nov 15 21:53:34 PST 2023; root:xnu-10002.61.3~2/RELEASE_ARM64_T8103" , Chrome/123.0.6312.122 , 30 , 20 , 7.100000000093132 , 7.399999999906868 , 0.2999999998137355
"Apple M1" , arm64 , Darwin , "Darwin Kernel Version 23.2.0: Wed Nov 15 21:53:34 PST 2023; root:xnu-10002.61.3~2/RELEASE_ARM64_T8103" , Chrome/123.0.6312.122 , 30 , 20 , 10.200000000186265 , 10.200000000186265 , 0
"Apple M1" , arm64 , Darwin , "Darwin Kernel Version 23.2.0: Wed Nov 15 21:53:34 PST 2023; root:xnu-10002.61.3~2/RELEASE_ARM64_T8103" , Chrome/123.0.6312.122 , 30 , 20 , 13 , 13 , 0
"Apple M1" , arm64 , Darwin , "Darwin Kernel Version 23.2.0: Wed Nov 15 21:53:34 PST 2023; root:xnu-10002.61.3~2/RELEASE_ARM64_T8103" , Chrome/123.0.6312.122 , 30 , 21 , 7.899999999906868 , 8.199999999720603 , 0.2999999998137355
"Apple M1" , arm64 , Darwin , "Darwin Kernel Version 23.2.0: Wed Nov 15 21:53:34 PST 2023; root:xnu-10002.61.3~2/RELEASE_ARM64_T8103" , Chrome/123.0.6312.122 , 30 , 21 , 11.199999999720603 , 11.199999999720603 , 0
"Apple M1" , arm64 , Darwin , "Darwin Kernel Version 23.2.0: Wed Nov 15 21:53:34 PST 2023; root:xnu-10002.61.3~2/RELEASE_ARM64_T8103" , Chrome/123.0.6312.122 , 30 , 21 , 14 , 14 , 0
"Apple M1" , arm64 , Darwin , "Darwin Kernel Version 23.2.0: Wed Nov 15 21:53:34 PST 2023; root:xnu-10002.61.3~2/RELEASE_ARM64_T8103" , Chrome/123.0.6312.122 , 30 , 22 , 7.699999999720603 , 8 , 0.3000000002793968
"Apple M1" , arm64 , Darwin , "Darwin Kernel Version 23.2.0: Wed Nov 15 21:53:34 PST 2023; root:xnu-10002.61.3~2/RELEASE_ARM64_T8103" , Chrome/123.0.6312.122 , 30 , 22 , 10.899999999906868 , 10.899999999906868 , 0
"Apple M1" , arm64 , Darwin , "Darwin Kernel Version 23.2.0: Wed Nov 15 21:53:34 PST 2023; root:xnu-10002.61.3~2/RELEASE_ARM64_T8103" , Chrome/123.0.6312.122 , 30 , 22 , 13.599999999627471 , 13.699999999720603 , 0.10000000009313226
"Apple M1" , arm64 , Darwin , "Darwin Kernel Version 23.2.0: Wed Nov 15 21:53:34 PST 2023; root:xnu-10002.61.3~2/RELEASE_ARM64_T8103" , Chrome/123.0.6312.122 , 30 , 23 , 6.600000000093132 , 6.899999999906868 , 0.2999999998137355
"Apple M1" , arm64 , Darwin , "Darwin Kernel Version 23.2.0: Wed Nov 15 21:53:34 PST 2023; root:xnu-10002.61.3~2/RELEASE_ARM64_T8103" , Chrome/123.0.6312.122 , 30 , 23 , 9.699999999720603 , 9.799999999813735 , 0.10000000009313226
"Apple M1" , arm64 , Darwin , "Darwin Kernel Version 23.2.0: Wed Nov 15 21:53:34 PST 2023; root:xnu-10002.61.3~2/RELEASE_ARM64_T8103" , Chrome/123.0.6312.122 , 30 , 23 , 12.5 , 12.5 , 0
"Apple M1" , arm64 , Darwin , "Darwin Kernel Version 23.2.0: Wed Nov 15 21:53:34 PST 2023; root:xnu-10002.61.3~2/RELEASE_ARM64_T8103" , Chrome/123.0.6312.122 , 30 , 24 , 6.5 , 6.7999999998137355 , 0.2999999998137355
"Apple M1" , arm64 , Darwin , "Darwin Kernel Version 23.2.0: Wed Nov 15 21:53:34 PST 2023; root:xnu-10002.61.3~2/RELEASE_ARM64_T8103" , Chrome/123.0.6312.122 , 30 , 24 , 9.599999999627471 , 9.599999999627471 , 0
"Apple M1" , arm64 , Darwin , "Darwin Kernel Version 23.2.0: Wed Nov 15 21:53:34 PST 2023; root:xnu-10002.61.3~2/RELEASE_ARM64_T8103" , Chrome/123.0.6312.122 , 30 , 24 , 12.299999999813735 , 12.299999999813735 , 0
"Apple M1" , arm64 , Darwin , "Darwin Kernel Version 23.2.0: Wed Nov 15 21:53:34 PST 2023; root:xnu-10002.61.3~2/RELEASE_ARM64_T8103" , Chrome/123.0.6312.122 , 30 , 25 , 6.399999999906868 , 6.7000000001862645 , 0.3000000002793968
"Apple M1" , arm64 , Darwin , "Darwin Kernel Version 23.2.0: Wed Nov 15 21:53:34 PST 2023; root:xnu-10002.61.3~2/RELEASE_ARM64_T8103" , Chrome/123.0.6312.122 , 30 , 25 , 9.5 , 9.600000000093132 , 0.10000000009313226
"Apple M1" , arm64 , Darwin , "Darwin Kernel Version 23.2.0: Wed Nov 15 21:53:34 PST 2023; root:xnu-10002.61.3~2/RELEASE_ARM64_T8103" , Chrome/123.0.6312.122 , 30 , 25 , 12.200000000186265 , 12.200000000186265 , 0
"Apple M1" , arm64 , Darwin , "Darwin Kernel Version 23.2.0: Wed Nov 15 21:53:34 PST 2023; root:xnu-10002.61.3~2/RELEASE_ARM64_T8103" , Chrome/123.0.6312.122 , 30 , 26 , 7.2999999998137355 , 7.600000000093132 , 0.3000000002793968
"Apple M1" , arm64 , Darwin , "Darwin Kernel Version 23.2.0: Wed Nov 15 21:53:34 PST 2023; root:xnu-10002.61.3~2/RELEASE_ARM64_T8103" , Chrome/123.0.6312.122 , 30 , 26 , 10.399999999906868 , 10.5 , 0.10000000009313226
"Apple M1" , arm64 , Darwin , "Darwin Kernel Version 23.2.0: Wed Nov 15 21:53:34 PST 2023; root:xnu-10002.61.3~2/RELEASE_ARM64_T8103" , Chrome/123.0.6312.122 , 30 , 26 , 13.100000000093132 , 13.100000000093132 , 0
"Apple M1" , arm64 , Darwin , "Darwin Kernel Version 23.2.0: Wed Nov 15 21:53:34 PST 2023; root:xnu-10002.61.3~2/RELEASE_ARM64_T8103" , Chrome/123.0.6312.122 , 30 , 27 , 6.5 , 6.900000000372529 , 0.40000000037252903
"Apple M1" , arm64 , Darwin , "Darwin Kernel Version 23.2.0: Wed Nov 15 21:53:34 PST 2023; root:xnu-10002.61.3~2/RELEASE_ARM64_T8103" , Chrome/123.0.6312.122 , 30 , 27 , 9.700000000186265 , 9.700000000186265 , 0
"Apple M1" , arm64 , Darwin , "Darwin Kernel Version 23.2.0: Wed Nov 15 21:53:34 PST 2023; root:xnu-10002.61.3~2/RELEASE_ARM64_T8103" , Chrome/123.0.6312.122 , 30 , 27 , 12.100000000093132 , 12.200000000186265 , 0.10000000009313226
"Apple M1" , arm64 , Darwin , "Darwin Kernel Version 23.2.0: Wed Nov 15 21:53:34 PST 2023; root:xnu-10002.61.3~2/RELEASE_ARM64_T8103" , Chrome/123.0.6312.122 , 30 , 28 , 7.2999999998137355 , 7.600000000093132 , 0.3000000002793968
"Apple M1" , arm64 , Darwin , "Darwin Kernel Version 23.2.0: Wed Nov 15 21:53:34 PST 2023; root:xnu-10002.61.3~2/RELEASE_ARM64_T8103" , Chrome/123.0.6312.122 , 30 , 28 , 10.399999999906868 , 10.399999999906868 , 0
"Apple M1" , arm64 , Darwin , "Darwin Kernel Version 23.2.0: Wed Nov 15 21:53:34 PST 2023; root:xnu-10002.61.3~2/RELEASE_ARM64_T8103" , Chrome/123.0.6312.122 , 30 , 28 , 12.899999999906868 , 13 , 0.10000000009313226
"Apple M1" , arm64 , Darwin , "Darwin Kernel Version 23.2.0: Wed Nov 15 21:53:34 PST 2023; root:xnu-10002.61.3~2/RELEASE_ARM64_T8103" , Chrome/123.0.6312.122 , 30 , 29 , 7.099999999627471 , 7.5 , 0.40000000037252903
"Apple M1" , arm64 , Darwin , "Darwin Kernel Version 23.2.0: Wed Nov 15 21:53:34 PST 2023; root:xnu-10002.61.3~2/RELEASE_ARM64_T8103" , Chrome/123.0.6312.122 , 30 , 29 , 10.299999999813735 , 10.399999999906868 , 0.10000000009313226
"Apple M1" , arm64 , Darwin , "Darwin Kernel Version 23.2.0: Wed Nov 15 21:53:34 PST 2023; root:xnu-10002.61.3~2/RELEASE_ARM64_T8103" , Chrome/123.0.6312.122 , 30 , 29 , 13 , 13.099999999627471 , 0.09999999962747097
"Apple M1" , arm64 , Darwin , "Darwin Kernel Version 23.2.0: Wed Nov 15 21:53:34 PST 2023; root:xnu-10002.61.3~2/RELEASE_ARM64_T8103" , Chrome/123.0.6312.122 , 30 , 30 , 6.7999999998137355 , 7.100000000093132 , 0.3000000002793968
"Apple M1" , arm64 , Darwin , "Darwin Kernel Version 23.2.0: Wed Nov 15 21:53:34 PST 2023; root:xnu-10002.61.3~2/RELEASE_ARM64_T8103" , Chrome/123.0.6312.122 , 30 , 30 , 10 , 10 , 0
"Apple M1" , arm64 , Darwin , "Darwin Kernel Version 23.2.0: Wed Nov 15 21:53:34 PST 2023; root:xnu-10002.61.3~2/RELEASE_ARM64_T8103" , Chrome/123.0.6312.122 , 30 , 30 , 12.5 , 12.600000000093132 , 0.10000000009313226
"Apple M1" , arm64 , Darwin , "Darwin Kernel Version 23.2.0: Wed Nov 15 21:53:34 PST 2023; root:xnu-10002.61.3~2/RELEASE_ARM64_T8103" , firefox/126.0a1 , 30 , 1 , 73 , 74 , 1
"Apple M1" , arm64 , Darwin , "Darwin Kernel Version 23.2.0: Wed Nov 15 21:53:34 PST 2023; root:xnu-10002.61.3~2/RELEASE_ARM64_T8103" , firefox/126.0a1 , 30 , 1 , 76 , 76 , 0
"Apple M1" , arm64 , Darwin , "Darwin Kernel Version 23.2.0: Wed Nov 15 21:53:34 PST 2023; root:xnu-10002.61.3~2/RELEASE_ARM64_T8103" , firefox/126.0a1 , 30 , 1 , 77 , 77 , 0
"Apple M1" , arm64 , Darwin , "Darwin Kernel Version 23.2.0: Wed Nov 15 21:53:34 PST 2023; root:xnu-10002.61.3~2/RELEASE_ARM64_T8103" , firefox/126.0a1 , 30 , 2 , 74 , 74 , 0
"Apple M1" , arm64 , Darwin , "Darwin Kernel Version 23.2.0: Wed Nov 15 21:53:34 PST 2023; root:xnu-10002.61.3~2/RELEASE_ARM64_T8103" , firefox/126.0a1 , 30 , 2 , 76 , 76 , 0
"Apple M1" , arm64 , Darwin , "Darwin Kernel Version 23.2.0: Wed Nov 15 21:53:34 PST 2023; root:xnu-10002.61.3~2/RELEASE_ARM64_T8103" , firefox/126.0a1 , 30 , 2 , 76 , 77 , 1
"Apple M1" , arm64 , Darwin , "Darwin Kernel Version 23.2.0: Wed Nov 15 21:53:34 PST 2023; root:xnu-10002.61.3~2/RELEASE_ARM64_T8103" , firefox/126.0a1 , 30 , 3 , 74 , 75 , 1
"Apple M1" , arm64 , Darwin , "Darwin Kernel Version 23.2.0: Wed Nov 15 21:53:34 PST 2023; root:xnu-10002.61.3~2/RELEASE_ARM64_T8103" , firefox/126.0a1 , 30 , 3 , 77 , 77 , 0
"Apple M1" , arm64 , Darwin , "Darwin Kernel Version 23.2.0: Wed Nov 15 21:53:34 PST 2023; root:xnu-10002.61.3~2/RELEASE_ARM64_T8103" , firefox/126.0a1 , 30 , 3 , 78 , 78 , 0
"Apple M1" , arm64 , Darwin , "Darwin Kernel Version 23.2.0: Wed Nov 15 21:53:34 PST 2023; root:xnu-10002.61.3~2/RELEASE_ARM64_T8103" , firefox/126.0a1 , 30 , 4 , 74 , 74 , 0
"Apple M1" , arm64 , Darwin , "Darwin Kernel Version 23.2.0: Wed Nov 15 21:53:34 PST 2023; root:xnu-10002.61.3~2/RELEASE_ARM64_T8103" , firefox/126.0a1 , 30 , 4 , 76 , 76 , 0
"Apple M1" , arm64 , Darwin , "Darwin Kernel Version 23.2.0: Wed Nov 15 21:53:34 PST 2023; root:xnu-10002.61.3~2/RELEASE_ARM64_T8103" , firefox/126.0a1 , 30 , 4 , 76 , 76 , 0
"Apple M1" , arm64 , Darwin , "Darwin Kernel Version 23.2.0: Wed Nov 15 21:53:34 PST 2023; root:xnu-10002.61.3~2/RELEASE_ARM64_T8103" , firefox/126.0a1 , 30 , 5 , 73 , 73 , 0
"Apple M1" , arm64 , Darwin , "Darwin Kernel Version 23.2.0: Wed Nov 15 21:53:34 PST 2023; root:xnu-10002.61.3~2/RELEASE_ARM64_T8103" , firefox/126.0a1 , 30 , 5 , 75 , 75 , 0
"Apple M1" , arm64 , Darwin , "Darwin Kernel Version 23.2.0: Wed Nov 15 21:53:34 PST 2023; root:xnu-10002.61.3~2/RELEASE_ARM64_T8103" , firefox/126.0a1 , 30 , 5 , 75 , 76 , 1
"Apple M1" , arm64 , Darwin , "Darwin Kernel Version 23.2.0: Wed Nov 15 21:53:34 PST 2023; root:xnu-10002.61.3~2/RELEASE_ARM64_T8103" , firefox/126.0a1 , 30 , 6 , 74 , 74 , 0
"Apple M1" , arm64 , Darwin , "Darwin Kernel Version 23.2.0: Wed Nov 15 21:53:34 PST 2023; root:xnu-10002.61.3~2/RELEASE_ARM64_T8103" , firefox/126.0a1 , 30 , 6 , 75 , 75 , 0
"Apple M1" , arm64 , Darwin , "Darwin Kernel Version 23.2.0: Wed Nov 15 21:53:34 PST 2023; root:xnu-10002.61.3~2/RELEASE_ARM64_T8103" , firefox/126.0a1 , 30 , 6 , 76 , 76 , 0
"Apple M1" , arm64 , Darwin , "Darwin Kernel Version 23.2.0: Wed Nov 15 21:53:34 PST 2023; root:xnu-10002.61.3~2/RELEASE_ARM64_T8103" , firefox/126.0a1 , 30 , 7 , 75 , 75 , 0
"Apple M1" , arm64 , Darwin , "Darwin Kernel Version 23.2.0: Wed Nov 15 21:53:34 PST 2023; root:xnu-10002.61.3~2/RELEASE_ARM64_T8103" , firefox/126.0a1 , 30 , 7 , 77 , 77 , 0
"Apple M1" , arm64 , Darwin , "Darwin Kernel Version 23.2.0: Wed Nov 15 21:53:34 PST 2023; root:xnu-10002.61.3~2/RELEASE_ARM64_T8103" , firefox/126.0a1 , 30 , 7 , 78 , 78 , 0
"Apple M1" , arm64 , Darwin , "Darwin Kernel Version 23.2.0: Wed Nov 15 21:53:34 PST 2023; root:xnu-10002.61.3~2/RELEASE_ARM64_T8103" , firefox/126.0a1 , 30 , 8 , 74 , 74 , 0
"Apple M1" , arm64 , Darwin , "Darwin Kernel Version 23.2.0: Wed Nov 15 21:53:34 PST 2023; root:xnu-10002.61.3~2/RELEASE_ARM64_T8103" , firefox/126.0a1 , 30 , 8 , 76 , 76 , 0
"Apple M1" , arm64 , Darwin , "Darwin Kernel Version 23.2.0: Wed Nov 15 21:53:34 PST 2023; root:xnu-10002.61.3~2/RELEASE_ARM64_T8103" , firefox/126.0a1 , 30 , 8 , 76 , 76 , 0
"Apple M1" , arm64 , Darwin , "Darwin Kernel Version 23.2.0: Wed Nov 15 21:53:34 PST 2023; root:xnu-10002.61.3~2/RELEASE_ARM64_T8103" , firefox/126.0a1 , 30 , 9 , 72 , 72 , 0
"Apple M1" , arm64 , Darwin , "Darwin Kernel Version 23.2.0: Wed Nov 15 21:53:34 PST 2023; root:xnu-10002.61.3~2/RELEASE_ARM64_T8103" , firefox/126.0a1 , 30 , 9 , 75 , 75 , 0
"Apple M1" , arm64 , Darwin , "Darwin Kernel Version 23.2.0: Wed Nov 15 21:53:34 PST 2023; root:xnu-10002.61.3~2/RELEASE_ARM64_T8103" , firefox/126.0a1 , 30 , 9 , 76 , 76 , 0
"Apple M1" , arm64 , Darwin , "Darwin Kernel Version 23.2.0: Wed Nov 15 21:53:34 PST 2023; root:xnu-10002.61.3~2/RELEASE_ARM64_T8103" , firefox/126.0a1 , 30 , 10 , 72 , 72 , 0
"Apple M1" , arm64 , Darwin , "Darwin Kernel Version 23.2.0: Wed Nov 15 21:53:34 PST 2023; root:xnu-10002.61.3~2/RELEASE_ARM64_T8103" , firefox/126.0a1 , 30 , 10 , 75 , 75 , 0
"Apple M1" , arm64 , Darwin , "Darwin Kernel Version 23.2.0: Wed Nov 15 21:53:34 PST 2023; root:xnu-10002.61.3~2/RELEASE_ARM64_T8103" , firefox/126.0a1 , 30 , 10 , 76 , 76 , 0
"Apple M1" , arm64 , Darwin , "Darwin Kernel Version 23.2.0: Wed Nov 15 21:53:34 PST 2023; root:xnu-10002.61.3~2/RELEASE_ARM64_T8103" , firefox/126.0a1 , 30 , 11 , 73 , 73 , 0
"Apple M1" , arm64 , Darwin , "Darwin Kernel Version 23.2.0: Wed Nov 15 21:53:34 PST 2023; root:xnu-10002.61.3~2/RELEASE_ARM64_T8103" , firefox/126.0a1 , 30 , 11 , 74 , 75 , 1
"Apple M1" , arm64 , Darwin , "Darwin Kernel Version 23.2.0: Wed Nov 15 21:53:34 PST 2023; root:xnu-10002.61.3~2/RELEASE_ARM64_T8103" , firefox/126.0a1 , 30 , 11 , 75 , 75 , 0
"Apple M1" , arm64 , Darwin , "Darwin Kernel Version 23.2.0: Wed Nov 15 21:53:34 PST 2023; root:xnu-10002.61.3~2/RELEASE_ARM64_T8103" , firefox/126.0a1 , 30 , 12 , 73 , 74 , 1
"Apple M1" , arm64 , Darwin , "Darwin Kernel Version 23.2.0: Wed Nov 15 21:53:34 PST 2023; root:xnu-10002.61.3~2/RELEASE_ARM64_T8103" , firefox/126.0a1 , 30 , 12 , 76 , 76 , 0
"Apple M1" , arm64 , Darwin , "Darwin Kernel Version 23.2.0: Wed Nov 15 21:53:34 PST 2023; root:xnu-10002.61.3~2/RELEASE_ARM64_T8103" , firefox/126.0a1 , 30 , 12 , 76 , 77 , 1
"Apple M1" , arm64 , Darwin , "Darwin Kernel Version 23.2.0: Wed Nov 15 21:53:34 PST 2023; root:xnu-10002.61.3~2/RELEASE_ARM64_T8103" , firefox/126.0a1 , 30 , 13 , 74 , 74 , 0
"Apple M1" , arm64 , Darwin , "Darwin Kernel Version 23.2.0: Wed Nov 15 21:53:34 PST 2023; root:xnu-10002.61.3~2/RELEASE_ARM64_T8103" , firefox/126.0a1 , 30 , 13 , 75 , 75 , 0
"Apple M1" , arm64 , Darwin , "Darwin Kernel Version 23.2.0: Wed Nov 15 21:53:34 PST 2023; root:xnu-10002.61.3~2/RELEASE_ARM64_T8103" , firefox/126.0a1 , 30 , 13 , 76 , 76 , 0
"Apple M1" , arm64 , Darwin , "Darwin Kernel Version 23.2.0: Wed Nov 15 21:53:34 PST 2023; root:xnu-10002.61.3~2/RELEASE_ARM64_T8103" , firefox/126.0a1 , 30 , 14 , 75 , 75 , 0
"Apple M1" , arm64 , Darwin , "Darwin Kernel Version 23.2.0: Wed Nov 15 21:53:34 PST 2023; root:xnu-10002.61.3~2/RELEASE_ARM64_T8103" , firefox/126.0a1 , 30 , 14 , 77 , 77 , 0
"Apple M1" , arm64 , Darwin , "Darwin Kernel Version 23.2.0: Wed Nov 15 21:53:34 PST 2023; root:xnu-10002.61.3~2/RELEASE_ARM64_T8103" , firefox/126.0a1 , 30 , 14 , 78 , 78 , 0
"Apple M1" , arm64 , Darwin , "Darwin Kernel Version 23.2.0: Wed Nov 15 21:53:34 PST 2023; root:xnu-10002.61.3~2/RELEASE_ARM64_T8103" , firefox/126.0a1 , 30 , 15 , 73 , 73 , 0
"Apple M1" , arm64 , Darwin , "Darwin Kernel Version 23.2.0: Wed Nov 15 21:53:34 PST 2023; root:xnu-10002.61.3~2/RELEASE_ARM64_T8103" , firefox/126.0a1 , 30 , 15 , 74 , 74 , 0
"Apple M1" , arm64 , Darwin , "Darwin Kernel Version 23.2.0: Wed Nov 15 21:53:34 PST 2023; root:xnu-10002.61.3~2/RELEASE_ARM64_T8103" , firefox/126.0a1 , 30 , 15 , 75 , 75 , 0
"Apple M1" , arm64 , Darwin , "Darwin Kernel Version 23.2.0: Wed Nov 15 21:53:34 PST 2023; root:xnu-10002.61.3~2/RELEASE_ARM64_T8103" , firefox/126.0a1 , 30 , 16 , 78 , 78 , 0
"Apple M1" , arm64 , Darwin , "Darwin Kernel Version 23.2.0: Wed Nov 15 21:53:34 PST 2023; root:xnu-10002.61.3~2/RELEASE_ARM64_T8103" , firefox/126.0a1 , 30 , 16 , 80 , 80 , 0
"Apple M1" , arm64 , Darwin , "Darwin Kernel Version 23.2.0: Wed Nov 15 21:53:34 PST 2023; root:xnu-10002.61.3~2/RELEASE_ARM64_T8103" , firefox/126.0a1 , 30 , 16 , 81 , 81 , 0
"Apple M1" , arm64 , Darwin , "Darwin Kernel Version 23.2.0: Wed Nov 15 21:53:34 PST 2023; root:xnu-10002.61.3~2/RELEASE_ARM64_T8103" , firefox/126.0a1 , 30 , 17 , 74 , 74 , 0
"Apple M1" , arm64 , Darwin , "Darwin Kernel Version 23.2.0: Wed Nov 15 21:53:34 PST 2023; root:xnu-10002.61.3~2/RELEASE_ARM64_T8103" , firefox/126.0a1 , 30 , 17 , 76 , 76 , 0
"Apple M1" , arm64 , Darwin , "Darwin Kernel Version 23.2.0: Wed Nov 15 21:53:34 PST 2023; root:xnu-10002.61.3~2/RELEASE_ARM64_T8103" , firefox/126.0a1 , 30 , 17 , 77 , 77 , 0
"Apple M1" , arm64 , Darwin , "Darwin Kernel Version 23.2.0: Wed Nov 15 21:53:34 PST 2023; root:xnu-10002.61.3~2/RELEASE_ARM64_T8103" , firefox/126.0a1 , 30 , 18 , 73 , 74 , 1
"Apple M1" , arm64 , Darwin , "Darwin Kernel Version 23.2.0: Wed Nov 15 21:53:34 PST 2023; root:xnu-10002.61.3~2/RELEASE_ARM64_T8103" , firefox/126.0a1 , 30 , 18 , 75 , 76 , 1
"Apple M1" , arm64 , Darwin , "Darwin Kernel Version 23.2.0: Wed Nov 15 21:53:34 PST 2023; root:xnu-10002.61.3~2/RELEASE_ARM64_T8103" , firefox/126.0a1 , 30 , 18 , 76 , 76 , 0
"Apple M1" , arm64 , Darwin , "Darwin Kernel Version 23.2.0: Wed Nov 15 21:53:34 PST 2023; root:xnu-10002.61.3~2/RELEASE_ARM64_T8103" , firefox/126.0a1 , 30 , 19 , 76 , 76 , 0
"Apple M1" , arm64 , Darwin , "Darwin Kernel Version 23.2.0: Wed Nov 15 21:53:34 PST 2023; root:xnu-10002.61.3~2/RELEASE_ARM64_T8103" , firefox/126.0a1 , 30 , 19 , 77 , 78 , 1
"Apple M1" , arm64 , Darwin , "Darwin Kernel Version 23.2.0: Wed Nov 15 21:53:34 PST 2023; root:xnu-10002.61.3~2/RELEASE_ARM64_T8103" , firefox/126.0a1 , 30 , 19 , 78 , 78 , 0
"Apple M1" , arm64 , Darwin , "Darwin Kernel Version 23.2.0: Wed Nov 15 21:53:34 PST 2023; root:xnu-10002.61.3~2/RELEASE_ARM64_T8103" , firefox/126.0a1 , 30 , 20 , 72 , 72 , 0
"Apple M1" , arm64 , Darwin , "Darwin Kernel Version 23.2.0: Wed Nov 15 21:53:34 PST 2023; root:xnu-10002.61.3~2/RELEASE_ARM64_T8103" , firefox/126.0a1 , 30 , 20 , 74 , 74 , 0
"Apple M1" , arm64 , Darwin , "Darwin Kernel Version 23.2.0: Wed Nov 15 21:53:34 PST 2023; root:xnu-10002.61.3~2/RELEASE_ARM64_T8103" , firefox/126.0a1 , 30 , 20 , 75 , 75 , 0
"Apple M1" , arm64 , Darwin , "Darwin Kernel Version 23.2.0: Wed Nov 15 21:53:34 PST 2023; root:xnu-10002.61.3~2/RELEASE_ARM64_T8103" , firefox/126.0a1 , 30 , 21 , 71 , 71 , 0
"Apple M1" , arm64 , Darwin , "Darwin Kernel Version 23.2.0: Wed Nov 15 21:53:34 PST 2023; root:xnu-10002.61.3~2/RELEASE_ARM64_T8103" , firefox/126.0a1 , 30 , 21 , 73 , 73 , 0
"Apple M1" , arm64 , Darwin , "Darwin Kernel Version 23.2.0: Wed Nov 15 21:53:34 PST 2023; root:xnu-10002.61.3~2/RELEASE_ARM64_T8103" , firefox/126.0a1 , 30 , 21 , 74 , 74 , 0
"Apple M1" , arm64 , Darwin , "Darwin Kernel Version 23.2.0: Wed Nov 15 21:53:34 PST 2023; root:xnu-10002.61.3~2/RELEASE_ARM64_T8103" , firefox/126.0a1 , 30 , 22 , 73 , 73 , 0
"Apple M1" , arm64 , Darwin , "Darwin Kernel Version 23.2.0: Wed Nov 15 21:53:34 PST 2023; root:xnu-10002.61.3~2/RELEASE_ARM64_T8103" , firefox/126.0a1 , 30 , 22 , 75 , 75 , 0
"Apple M1" , arm64 , Darwin , "Darwin Kernel Version 23.2.0: Wed Nov 15 21:53:34 PST 2023; root:xnu-10002.61.3~2/RELEASE_ARM64_T8103" , firefox/126.0a1 , 30 , 22 , 76 , 76 , 0
"Apple M1" , arm64 , Darwin , "Darwin Kernel Version 23.2.0: Wed Nov 15 21:53:34 PST 2023; root:xnu-10002.61.3~2/RELEASE_ARM64_T8103" , firefox/126.0a1 , 30 , 23 , 72 , 72 , 0
"Apple M1" , arm64 , Darwin , "Darwin Kernel Version 23.2.0: Wed Nov 15 21:53:34 PST 2023; root:xnu-10002.61.3~2/RELEASE_ARM64_T8103" , firefox/126.0a1 , 30 , 23 , 75 , 75 , 0
"Apple M1" , arm64 , Darwin , "Darwin Kernel Version 23.2.0: Wed Nov 15 21:53:34 PST 2023; root:xnu-10002.61.3~2/RELEASE_ARM64_T8103" , firefox/126.0a1 , 30 , 23 , 75 , 75 , 0
"Apple M1" , arm64 , Darwin , "Darwin Kernel Version 23.2.0: Wed Nov 15 21:53:34 PST 2023; root:xnu-10002.61.3~2/RELEASE_ARM64_T8103" , firefox/126.0a1 , 30 , 24 , 72 , 73 , 1
"Apple M1" , arm64 , Darwin , "Darwin Kernel Version 23.2.0: Wed Nov 15 21:53:34 PST 2023; root:xnu-10002.61.3~2/RELEASE_ARM64_T8103" , firefox/126.0a1 , 30 , 24 , 74 , 74 , 0
"Apple M1" , arm64 , Darwin , "Darwin Kernel Version 23.2.0: Wed Nov 15 21:53:34 PST 2023; root:xnu-10002.61.3~2/RELEASE_ARM64_T8103" , firefox/126.0a1 , 30 , 24 , 76 , 76 , 0
"Apple M1" , arm64 , Darwin , "Darwin Kernel Version 23.2.0: Wed Nov 15 21:53:34 PST 2023; root:xnu-10002.61.3~2/RELEASE_ARM64_T8103" , firefox/126.0a1 , 30 , 25 , 70 , 71 , 1
"Apple M1" , arm64 , Darwin , "Darwin Kernel Version 23.2.0: Wed Nov 15 21:53:34 PST 2023; root:xnu-10002.61.3~2/RELEASE_ARM64_T8103" , firefox/126.0a1 , 30 , 25 , 72 , 72 , 0
"Apple M1" , arm64 , Darwin , "Darwin Kernel Version 23.2.0: Wed Nov 15 21:53:34 PST 2023; root:xnu-10002.61.3~2/RELEASE_ARM64_T8103" , firefox/126.0a1 , 30 , 25 , 73 , 73 , 0
"Apple M1" , arm64 , Darwin , "Darwin Kernel Version 23.2.0: Wed Nov 15 21:53:34 PST 2023; root:xnu-10002.61.3~2/RELEASE_ARM64_T8103" , firefox/126.0a1 , 30 , 26 , 73 , 73 , 0
"Apple M1" , arm64 , Darwin , "Darwin Kernel Version 23.2.0: Wed Nov 15 21:53:34 PST 2023; root:xnu-10002.61.3~2/RELEASE_ARM64_T8103" , firefox/126.0a1 , 30 , 26 , 75 , 75 , 0
"Apple M1" , arm64 , Darwin , "Darwin Kernel Version 23.2.0: Wed Nov 15 21:53:34 PST 2023; root:xnu-10002.61.3~2/RELEASE_ARM64_T8103" , firefox/126.0a1 , 30 , 26 , 76 , 76 , 0
"Apple M1" , arm64 , Darwin , "Darwin Kernel Version 23.2.0: Wed Nov 15 21:53:34 PST 2023; root:xnu-10002.61.3~2/RELEASE_ARM64_T8103" , firefox/126.0a1 , 30 , 27 , 72 , 72 , 0
"Apple M1" , arm64 , Darwin , "Darwin Kernel Version 23.2.0: Wed Nov 15 21:53:34 PST 2023; root:xnu-10002.61.3~2/RELEASE_ARM64_T8103" , firefox/126.0a1 , 30 , 27 , 73 , 73 , 0
"Apple M1" , arm64 , Darwin , "Darwin Kernel Version 23.2.0: Wed Nov 15 21:53:34 PST 2023; root:xnu-10002.61.3~2/RELEASE_ARM64_T8103" , firefox/126.0a1 , 30 , 27 , 74 , 74 , 0
"Apple M1" , arm64 , Darwin , "Darwin Kernel Version 23.2.0: Wed Nov 15 21:53:34 PST 2023; root:xnu-10002.61.3~2/RELEASE_ARM64_T8103" , firefox/126.0a1 , 30 , 28 , 74 , 74 , 0
"Apple M1" , arm64 , Darwin , "Darwin Kernel Version 23.2.0: Wed Nov 15 21:53:34 PST 2023; root:xnu-10002.61.3~2/RELEASE_ARM64_T8103" , firefox/126.0a1 , 30 , 28 , 75 , 75 , 0
"Apple M1" , arm64 , Darwin , "Darwin Kernel Version 23.2.0: Wed Nov 15 21:53:34 PST 2023; root:xnu-10002.61.3~2/RELEASE_ARM64_T8103" , firefox/126.0a1 , 30 , 28 , 76 , 76 , 0
"Apple M1" , arm64 , Darwin , "Darwin Kernel Version 23.2.0: Wed Nov 15 21:53:34 PST 2023; root:xnu-10002.61.3~2/RELEASE_ARM64_T8103" , firefox/126.0a1 , 30 , 29 , 78 , 78 , 0
"Apple M1" , arm64 , Darwin , "Darwin Kernel Version 23.2.0: Wed Nov 15 21:53:34 PST 2023; root:xnu-10002.61.3~2/RELEASE_ARM64_T8103" , firefox/126.0a1 , 30 , 29 , 80 , 80 , 0
"Apple M1" , arm64 , Darwin , "Darwin Kernel Version 23.2.0: Wed Nov 15 21:53:34 PST 2023; root:xnu-10002.61.3~2/RELEASE_ARM64_T8103" , firefox/126.0a1 , 30 , 29 , 81 , 81 , 0
"Apple M1" , arm64 , Darwin , "Darwin Kernel Version 23.2.0: Wed Nov 15 21:53:34 PST 2023; root:xnu-10002.61.3~2/RELEASE_ARM64_T8103" , firefox/126.0a1 , 30 , 30 , 71 , 72 , 1
"Apple M1" , arm64 , Darwin , "Darwin Kernel Version 23.2.0: Wed Nov 15 21:53:34 PST 2023; root:xnu-10002.61.3~2/RELEASE_ARM64_T8103" , firefox/126.0a1 , 30 , 30 , 73 , 74 , 1
"Apple M1" , arm64 , Darwin , "Darwin Kernel Version 23.2.0: Wed Nov 15 21:53:34 PST 2023; root:xnu-10002.61.3~2/RELEASE_ARM64_T8103" , firefox/126.0a1 , 30 , 30 , 74 , 74 , 0